#SampleID	BarcodeSequence	LinkerPrimerSequence	BarcodeName	ReversePrimer	ProjectName	Description	Study	Survival_State	Bleaching_State	Time	Time_&_Status	Susceptible_Status	Susceptible_Status_Time	Colony_Number
M10B.Bundle	CTGCGATT	AGRGTTTGATCMTGGCTCAG	uHPill27Fbar49	GTNTTACNGCGGCKGCTG	061820JPG27F	M10B.Bundle	Time_Series	Survivor	Bleached	Bundle	Bundle_B	Survivor_B	Bundle_B_R	10
M10B.T2	CTCTTTCC	AGRGTTTGATCMTGGCTCAG	uHPill27Fbar13	GTNTTACNGCGGCKGCTG	061820JPG27F	M10B.T2	Live_vs_Dead	Survivor	Bleached	T2	T2_B	Survivor_B	T2_B_R	10
M10B.T3	CTAACCCG	AGRGTTTGATCMTGGCTCAG	uHPill27Fbar25	GTNTTACNGCGGCKGCTG	061820JPG27F	M10B.T3	Time_Series	Survivor	Bleached	T3	T3_B	Survivor_B	T3_B_R	10
M10B.T4	CTCCAATG	AGRGTTTGATCMTGGCTCAG	uHPill27Fbar36	GTNTTACNGCGGCKGCTG	061820JPG27F	M10B.T4	Time_Series	Survivor	Bleached	T4	T4_B	Survivor_B	T4_B_R	10
M10B.T5	CTCAGTTT	AGRGTTTGATCMTGGCTCAG	uHPill27Fbar43	GTNTTACNGCGGCKGCTG	061820JPG27F	M10B.T5	Time_Series	Survivor	Bleached	T5	T5_B	Survivor_B	T5_B_R	10
M10NB.Bundle	CTAGGGTA	AGRGTTTGATCMTGGCTCAG	uHPill27Fbar46	GTNTTACNGCGGCKGCTG	061820JPG27F	M10NB.Bundle	Time_Series	Survivor	Nonbleached	Bundle	Bundle_NB	Survivor_NB	Bundle_NB_R	10
M10NB.T0	CTAGTTAC	AGRGTTTGATCMTGGCTCAG	uHPill27Fbar1	GTNTTACNGCGGCKGCTG	061820JPG27F	M10NB.T0	Live_vs_Dead	Survivor	Nonbleached	T1	T1	Survivor_NB	T1_R	10
M10NB.T2	CTTTGGTT	AGRGTTTGATCMTGGCTCAG	uHPill27Fbar7	GTNTTACNGCGGCKGCTG	061820JPG27F	M10NB.T2	Live_vs_Dead	Survivor	Nonbleached	T2	T2_NB	Survivor_NB	T2_NB_R	10
M10NB.T3	CTGGCGCC	AGRGTTTGATCMTGGCTCAG	uHPill27Fbar19	GTNTTACNGCGGCKGCTG	061820JPG27F	M10NB.T3	Time_Series	Survivor	Nonbleached	T3	T3_NB	Survivor_NB	T3_NB_R	10
M10NB.T4	CTGTTAAT	AGRGTTTGATCMTGGCTCAG	uHPill27Fbar31	GTNTTACNGCGGCKGCTG	061820JPG27F	M10NB.T4	Time_Series	Survivor	Nonbleached	T4	T4_NB	Survivor_NB	T4_NB_R	10
M10NB.T5	CTGAAACC	AGRGTTTGATCMTGGCTCAG	uHPill27Fbar40	GTNTTACNGCGGCKGCTG	061820JPG27F	M10NB.T5	Time_Series	Survivor	Nonbleached	T5	T5_NB	Survivor_NB	T5_NB_R	10
M13NB.T4	CTGAACAT	AGRGTTTGATCMTGGCTCAG	uHPill27Fbar32	GTNTTACNGCGGCKGCTG	061820JPG27F	M13NB.T4	Time_Series	Survivor	Nonbleached	T4	T4_NB	Survivor_NB	T4_NB_R	13
M13B.T2	CTAACTGA	AGRGTTTGATCMTGGCTCAG	uHPill27Fbar14	GTNTTACNGCGGCKGCTG	061820JPG27F	M13B.T2	Live_vs_Dead	Survivor	Bleached	T2	T2_B	Survivor_B	T2_B_R	13
M13B.T3	CTCCCTAT	AGRGTTTGATCMTGGCTCAG	uHPill27Fbar26	GTNTTACNGCGGCKGCTG	061820JPG27F	M13B.T3	Time_Series	Survivor	Bleached	T3	T3_B	Survivor_B	T3_B_R	13
M13B.T4	CTTTATAT	AGRGTTTGATCMTGGCTCAG	uHPill27Fbar37	GTNTTACNGCGGCKGCTG	061820JPG27F	M13B.T4	Time_Series	Survivor	Bleached	T4	T4_B	Survivor_B	T4_B_R	13
M13NB.T0	CTGGAAGA	AGRGTTTGATCMTGGCTCAG	uHPill27Fbar2	GTNTTACNGCGGCKGCTG	061820JPG27F	M13NB.T0	Live_vs_Dead	Survivor	Nonbleached	T1	T1	Survivor_NB	T1_R	13
M13NB.T2	CTCGATTA	AGRGTTTGATCMTGGCTCAG	uHPill27Fbar8	GTNTTACNGCGGCKGCTG	061820JPG27F	M13NB.T2	Live_vs_Dead	Survivor	Nonbleached	T2	T2_NB	Survivor_NB	T2_NB_R	13
M13NB.T3	CTGATAGG	AGRGTTTGATCMTGGCTCAG	uHPill27Fbar20	GTNTTACNGCGGCKGCTG	061820JPG27F	M13NB.T3	Time_Series	Survivor	Nonbleached	T3	T3_NB	Survivor_NB	T3_NB_R	13
M21B.T2	CTAGAACT	AGRGTTTGATCMTGGCTCAG	uHPill27Fbar15	GTNTTACNGCGGCKGCTG	061820JPG27F	M21B.T2	Live_vs_Dead	Survivor	Bleached	T2	T2_B	Survivor_NB	T2_B_R	21
M21B.T3	CTATGAAA	AGRGTTTGATCMTGGCTCAG	uHPill27Fbar27	GTNTTACNGCGGCKGCTG	061820JPG27F	M21B.T3	Time_Series	Survivor	Bleached	T3	T3_B	Survivor_NB	T3_B_R	21
M21NB.T0	CTTGCGAA	AGRGTTTGATCMTGGCTCAG	uHPill27Fbar3	GTNTTACNGCGGCKGCTG	061820JPG27F	M21NB.T0	Live_vs_Dead	Survivor	Nonbleached	T1	T1	Survivor_NB	T1_R	21
M21NB.T2	CTTTCCTA	AGRGTTTGATCMTGGCTCAG	uHPill27Fbar9	GTNTTACNGCGGCKGCTG	061820JPG27F	M21NB.T2	Live_vs_Dead	Survivor	Nonbleached	T2	T2_NB	Survivor_NB	T2_NB_R	21
M21NB.T3	CTATAGTG	AGRGTTTGATCMTGGCTCAG	uHPill27Fbar21	GTNTTACNGCGGCKGCTG	061820JPG27F	M21NB.T3	Time_Series	Survivor	Nonbleached	T3	T3_NB	Survivor_NB	T3_NB_R	21
M26B.Bundle	CTGCCAAG	AGRGTTTGATCMTGGCTCAG	uHPill27Fbar50	GTNTTACNGCGGCKGCTG	061820JPG27F	M26B.Bundle	Time_Series	Survivor	Bleached	Bundle	Bundle_B	Survivor_B	Bundle_B_R	26
M26B.T2	CTCAGCAG	AGRGTTTGATCMTGGCTCAG	uHPill27Fbar16	GTNTTACNGCGGCKGCTG	061820JPG27F	M26B.T2	Live_vs_Dead	Survivor	Bleached	T2	T2_B	Survivor_B	T2_B_R	26
M26B.T3	CTACGCTG	AGRGTTTGATCMTGGCTCAG	uHPill27Fbar28	GTNTTACNGCGGCKGCTG	061820JPG27F	M26B.T3	Time_Series	Survivor	Bleached	T3	T3_B	Survivor_B	T3_B_R	26
M26B.T4	CTCGCACG	AGRGTTTGATCMTGGCTCAG	uHPill27Fbar38	GTNTTACNGCGGCKGCTG	061820JPG27F	M26B.T4	Time_Series	Survivor	Bleached	T4	T4_B	Survivor_B	T4_B_R	26
M26B.T5	CTTCTTAG	AGRGTTTGATCMTGGCTCAG	uHPill27Fbar44	GTNTTACNGCGGCKGCTG	061820JPG27F	M26B.T5	Time_Series	Survivor	Bleached	T5	T5_B	Survivor_B	T5_B_R	26
M26NB.Bundle	CTACAGGT	AGRGTTTGATCMTGGCTCAG	uHPill27Fbar47	GTNTTACNGCGGCKGCTG	061820JPG27F	M26NB.Bundle	Time_Series	Survivor	Nonbleached	Bundle	Bundle_NB	Survivor_NB	Bundle_NB_R	26
M26NB.T0	CTATTGGA	AGRGTTTGATCMTGGCTCAG	uHPill27Fbar4	GTNTTACNGCGGCKGCTG	061820JPG27F	M26NB.T0	Live_vs_Dead	Survivor	Nonbleached	T1	T1	Survivor_NB	T1_R	26
M26NB.T2	CTCCTCTC	AGRGTTTGATCMTGGCTCAG	uHPill27Fbar10	GTNTTACNGCGGCKGCTG	061820JPG27F	M26NB.T2	Live_vs_Dead	Survivor	Nonbleached	T2	T2_NB	Survivor_NB	T2_NB_R	26
M26NB.T3	CTGGGCGG	AGRGTTTGATCMTGGCTCAG	uHPill27Fbar22	GTNTTACNGCGGCKGCTG	061820JPG27F	M26NB.T3	Time_Series	Survivor	Nonbleached	T3	T3_NB	Survivor_NB	T3_NB_R	26
M26NB.T4	CTTCCGGC	AGRGTTTGATCMTGGCTCAG	uHPill27Fbar33	GTNTTACNGCGGCKGCTG	061820JPG27F	M26NB.T4	Time_Series	Survivor	Nonbleached	T4	T4_NB	Survivor_NB	T4_NB_R	26
M26NB.T5	CTGTTGCG	AGRGTTTGATCMTGGCTCAG	uHPill27Fbar41	GTNTTACNGCGGCKGCTG	061820JPG27F	M26NB.T5	Time_Series	Survivor	Nonbleached	T5	T5_NB	Survivor_NB	T5_NB_R	26
M66B.Bundle	CTATACCC	AGRGTTTGATCMTGGCTCAG	uHPill27Fbar51	GTNTTACNGCGGCKGCTG	061820JPG27F	M66B.Bundle	Time_Series	Survivor	Bleached	Bundle	Bundle_B	Survivor_B	Bundle_B_R	66
M66B.T2	CTCTCCGG	AGRGTTTGATCMTGGCTCAG	uHPill27Fbar17	GTNTTACNGCGGCKGCTG	061820JPG27F	M66B.T2	Live_vs_Dead	Survivor	Bleached	T2	T2_B	Survivor_B	T2_B_R	66
M66B.T3	CTCTAAGT	AGRGTTTGATCMTGGCTCAG	uHPill27Fbar29	GTNTTACNGCGGCKGCTG	061820JPG27F	M66B.T3	Time_Series	Survivor	Bleached	T3	T3_B	Survivor_B	T3_B_R	66
M66B.T5	CTGTGTGT	AGRGTTTGATCMTGGCTCAG	uHPill27Fbar45	GTNTTACNGCGGCKGCTG	061820JPG27F	M66B.T5	Time_Series	Survivor	Bleached	T5	T5_B	Survivor_B	T5_B_R	66
M66NB.Bundle	CTTAACGA	AGRGTTTGATCMTGGCTCAG	uHPill27Fbar48	GTNTTACNGCGGCKGCTG	061820JPG27F	M66NB.Bundle	Time_Series	Survivor	Nonbleached	Bundle	Bundle_NB	Survivor_NB	Bundle_NB_R	66
M66NB.T0	CTCCGGCG	AGRGTTTGATCMTGGCTCAG	uHPill27Fbar5	GTNTTACNGCGGCKGCTG	061820JPG27F	M66NB.T0	Live_vs_Dead	Survivor	Nonbleached	T1	T1	Survivor_NB	T1_R	66
M66NB.T2	CTGCATCT	AGRGTTTGATCMTGGCTCAG	uHPill27Fbar11	GTNTTACNGCGGCKGCTG	061820JPG27F	M66NB.T2	Live_vs_Dead	Survivor	Nonbleached	T2	T2_NB	Survivor_NB	T2_NB_R	66
M66NB.T3	CTAAGTCC	AGRGTTTGATCMTGGCTCAG	uHPill27Fbar23	GTNTTACNGCGGCKGCTG	061820JPG27F	M66NB.T3	Time_Series	Survivor	Nonbleached	T3	T3_NB	Survivor_NB	T3_NB_R	66
M66NB.T4	CTGTCCAC	AGRGTTTGATCMTGGCTCAG	uHPill27Fbar34	GTNTTACNGCGGCKGCTG	061820JPG27F	M66NB.T4	Time_Series	Survivor	Nonbleached	T4	T4_NB	Survivor_NB	T4_NB_R	66
M66NB.T5	CTCCGCGT	AGRGTTTGATCMTGGCTCAG	uHPill27Fbar42	GTNTTACNGCGGCKGCTG	061820JPG27F	M66NB.T5	Time_Series	Survivor	Nonbleached	T5	T5_NB	Survivor_NB	T5_NB_R	66
M74NB.T4	CTTGTTGT	AGRGTTTGATCMTGGCTCAG	uHPill27Fbar35	GTNTTACNGCGGCKGCTG	061820JPG27F	M74NB.T4	Time_Series	Survivor	Nonbleached	T4	T4_NB	Survivor_NB	T4_NB_R	74
M74B.T2	CTGCAGAA	AGRGTTTGATCMTGGCTCAG	uHPill27Fbar30	GTNTTACNGCGGCKGCTG	061820JPG27F	M74B.T2	Live_vs_Dead	Survivor	Bleached	T2	T2_B	Survivor_B	T2_B_R	74
M74B.T3	CTTCAACA	AGRGTTTGATCMTGGCTCAG	uHPill27Fbar18	GTNTTACNGCGGCKGCTG	061820JPG27F	M74B.T3	Time_Series	Survivor	Bleached	T3	T3_B	Survivor_B	T3_B_R	74
M74B.T4	CTTACAAT	AGRGTTTGATCMTGGCTCAG	uHPill27Fbar39	GTNTTACNGCGGCKGCTG	061820JPG27F	M74B.T4	Time_Series	Survivor	Bleached	T4	T4_B	Survivor_B	T4_B_R	74
M74NB.T0	CTAGTCTT	AGRGTTTGATCMTGGCTCAG	uHPill27Fbar6	GTNTTACNGCGGCKGCTG	061820JPG27F	M74NB.T0	Live_vs_Dead	Survivor	Nonbleached	T1	T1	Survivor_NB	T1_R	74
M74NB.T2	CTCATGTG	AGRGTTTGATCMTGGCTCAG	uHPill27Fbar12	GTNTTACNGCGGCKGCTG	061820JPG27F	M74NB.T2	Live_vs_Dead	Survivor	Nonbleached	T2	T2_NB	Survivor_NB	T2_NB_R	74
M74NB.T3	CTTGAATC	AGRGTTTGATCMTGGCTCAG	uHPill27Fbar24	GTNTTACNGCGGCKGCTG	061820JPG27F	M74NB.T3	Time_Series	Survivor	Nonbleached	T3	T3_NB	Survivor_NB	T3_NB_R	74
D10	CTGAAACC	AGRGTTTGATCMTGGCTCAG	uHPill27Fbar40	GTNTTACNGCGGCKGCTG	110420JPG27F	D10	Nutrient	NA	NA	NA	NA	NA	NA	D
E1	CTGTTGCG	AGRGTTTGATCMTGGCTCAG	uHPill27Fbar41	GTNTTACNGCGGCKGCTG	110420JPG27F	E1	Nutrient	NA	NA	NA	NA	NA	NA	E
E2	CTCCGCGT	AGRGTTTGATCMTGGCTCAG	uHPill27Fbar42	GTNTTACNGCGGCKGCTG	110420JPG27F	E2	Nutrient	NA	NA	NA	NA	NA	NA	E
E3	CTCAGTTT	AGRGTTTGATCMTGGCTCAG	uHPill27Fbar43	GTNTTACNGCGGCKGCTG	110420JPG27F	E3	Nutrient	NA	NA	NA	NA	NA	NA	E
E4	CTTCTTAG	AGRGTTTGATCMTGGCTCAG	uHPill27Fbar44	GTNTTACNGCGGCKGCTG	110420JPG27F	E4	Nutrient	NA	NA	NA	NA	NA	NA	E
E5	CTGTGTGT	AGRGTTTGATCMTGGCTCAG	uHPill27Fbar45	GTNTTACNGCGGCKGCTG	110420JPG27F	E5	Nutrient	NA	NA	NA	NA	NA	NA	E
E6	CTAGGGTA	AGRGTTTGATCMTGGCTCAG	uHPill27Fbar46	GTNTTACNGCGGCKGCTG	110420JPG27F	E6	Nutrient	NA	NA	NA	NA	NA	NA	E
E7	CTACAGGT	AGRGTTTGATCMTGGCTCAG	uHPill27Fbar47	GTNTTACNGCGGCKGCTG	110420JPG27F	E7	Nutrient	NA	NA	NA	NA	NA	NA	E
E8	CTTAACGA	AGRGTTTGATCMTGGCTCAG	uHPill27Fbar48	GTNTTACNGCGGCKGCTG	110420JPG27F	E8	Nutrient	NA	NA	NA	NA	NA	NA	E
E9	CTGCGATT	AGRGTTTGATCMTGGCTCAG	uHPill27Fbar49	GTNTTACNGCGGCKGCTG	110420JPG27F	E9	Nutrient	NA	NA	NA	NA	NA	NA	E
E10	CTGCCAAG	AGRGTTTGATCMTGGCTCAG	uHPill27Fbar50	GTNTTACNGCGGCKGCTG	110420JPG27F	E10	Nutrient	NA	NA	NA	NA	NA	NA	E
F1	CTATACCC	AGRGTTTGATCMTGGCTCAG	uHPill27Fbar51	GTNTTACNGCGGCKGCTG	110420JPG27F	F1	Nutrient	NA	NA	NA	NA	NA	NA	F
F2	CTTCACTT	AGRGTTTGATCMTGGCTCAG	uHPill27Fbar52	GTNTTACNGCGGCKGCTG	110420JPG27F	F2	Nutrient	NA	NA	NA	NA	NA	NA	F
F3	CTTAATCG	AGRGTTTGATCMTGGCTCAG	uHPill27Fbar53	GTNTTACNGCGGCKGCTG	110420JPG27F	F3	Nutrient	NA	NA	NA	NA	NA	NA	F
F4	CTTATATA	AGRGTTTGATCMTGGCTCAG	uHPill27Fbar54	GTNTTACNGCGGCKGCTG	110420JPG27F	F4	Nutrient	NA	NA	NA	NA	NA	NA	F
F5	CTAACGTC	AGRGTTTGATCMTGGCTCAG	uHPill27Fbar55	GTNTTACNGCGGCKGCTG	110420JPG27F	F5	Nutrient	NA	NA	NA	NA	NA	NA	F
F6	CTCACGCA	AGRGTTTGATCMTGGCTCAG	uHPill27Fbar56	GTNTTACNGCGGCKGCTG	110420JPG27F	F6	Nutrient	NA	NA	NA	NA	NA	NA	F
F7	CTGGTTCA	AGRGTTTGATCMTGGCTCAG	uHPill27Fbar57	GTNTTACNGCGGCKGCTG	110420JPG27F	F7	Nutrient	NA	NA	NA	NA	NA	NA	F
F8	CTAGCCGC	AGRGTTTGATCMTGGCTCAG	uHPill27Fbar58	GTNTTACNGCGGCKGCTG	110420JPG27F	F8	Nutrient	NA	NA	NA	NA	NA	NA	F
F9	CTCGTGCT	AGRGTTTGATCMTGGCTCAG	uHPill27Fbar59	GTNTTACNGCGGCKGCTG	110420JPG27F	F9	Nutrient	NA	NA	NA	NA	NA	NA	F
F10	CTGCTCGA	AGRGTTTGATCMTGGCTCAG	uHPill27Fbar60	GTNTTACNGCGGCKGCTG	110420JPG27F	F10	Nutrient	NA	NA	NA	NA	NA	NA	F
M5T0	CTAGTTAC	AGRGTTTGATCMTGGCTCAG	uHPill27Fbar1	GTNTTACNGCGGCKGCTG	110420JPG27F	M5T0	Live_vs_Dead	Susceptible	Nonbleached	T1	T1	Susceptible_NB	T1_S	5
M20T0	CTGGAAGA	AGRGTTTGATCMTGGCTCAG	uHPill27Fbar2	GTNTTACNGCGGCKGCTG	110420JPG27F	M20T0	Live_vs_Dead	Susceptible	Nonbleached	T1	T1	Susceptible_NB	T1_S	20
M25T0	CTTGCGAA	AGRGTTTGATCMTGGCTCAG	uHPill27Fbar3	GTNTTACNGCGGCKGCTG	110420JPG27F	M25T0	Live_vs_Dead	Susceptible	Nonbleached	T1	T1	Susceptible_NB	T1_S	25
M28T0	CTATTGGA	AGRGTTTGATCMTGGCTCAG	uHPill27Fbar4	GTNTTACNGCGGCKGCTG	110420JPG27F	M28T0	Live_vs_Dead	Susceptible	Nonbleached	T1	T1	Susceptible_NB	T1_S	28
M55T0	CTCCGGCG	AGRGTTTGATCMTGGCTCAG	uHPill27Fbar5	GTNTTACNGCGGCKGCTG	110420JPG27F	M55T0	Live_vs_Dead	Susceptible	Nonbleached	T1	T1	Susceptible_NB	T1_S	55
M73T0	CTAGTCTT	AGRGTTTGATCMTGGCTCAG	uHPill27Fbar6	GTNTTACNGCGGCKGCTG	110420JPG27F	M73T0	Live_vs_Dead	Susceptible	Nonbleached	T1	T1	Susceptible_NB	T1_S	73
M5T2B	CTTTGGTT	AGRGTTTGATCMTGGCTCAG	uHPill27Fbar7	GTNTTACNGCGGCKGCTG	110420JPG27F	M5T2B	Live_vs_Dead	Susceptible	Bleached	T2	T2_B	Susceptible_B	T2_B_S	5
M20T2B	CTCGATTA	AGRGTTTGATCMTGGCTCAG	uHPill27Fbar8	GTNTTACNGCGGCKGCTG	110420JPG27F	M20T2B	Live_vs_Dead	Susceptible	Bleached	T2	T2_B	Susceptible_B	T2_B_S	20
M25T2B	CTTTCCTA	AGRGTTTGATCMTGGCTCAG	uHPill27Fbar9	GTNTTACNGCGGCKGCTG	110420JPG27F	M25T2B	Live_vs_Dead	Susceptible	Bleached	T2	T2_B	Susceptible_B	T2_B_S	25
M28T2B	CTCCTCTC	AGRGTTTGATCMTGGCTCAG	uHPill27Fbar10	GTNTTACNGCGGCKGCTG	110420JPG27F	M28T2B	Live_vs_Dead	Susceptible	Bleached	T2	T2_B	Susceptible_B	T2_B_S	28
M55T2B	CTGCATCT	AGRGTTTGATCMTGGCTCAG	uHPill27Fbar11	GTNTTACNGCGGCKGCTG	110420JPG27F	M55T2B	Live_vs_Dead	Susceptible	Bleached	T2	T2_B	Susceptible_B	T2_B_S	55
M73T2B	CTCATGTG	AGRGTTTGATCMTGGCTCAG	uHPill27Fbar12	GTNTTACNGCGGCKGCTG	110420JPG27F	M73T2B	Live_vs_Dead	Susceptible	Bleached	T2	T2_B	Susceptible_B	T2_B_S	73
M5T2NB	CTCTTTCC	AGRGTTTGATCMTGGCTCAG	uHPill27Fbar13	GTNTTACNGCGGCKGCTG	110420JPG27F	M5T2NB	Live_vs_Dead	Susceptible	Nonbleached	T2	T2_NB	Susceptible_NB	T2_NB_S	5
M20T2NB	CTAACTGA	AGRGTTTGATCMTGGCTCAG	uHPill27Fbar14	GTNTTACNGCGGCKGCTG	110420JPG27F	M20T2NB	Live_vs_Dead	Susceptible	Nonbleached	T2	T2_NB	Susceptible_NB	T2_NB_S	20
M25T2NB	CTAGAACT	AGRGTTTGATCMTGGCTCAG	uHPill27Fbar15	GTNTTACNGCGGCKGCTG	110420JPG27F	M25T2NB	Live_vs_Dead	Susceptible	Nonbleached	T2	T2_NB	Susceptible_NB	T2_NB_S	25
M28T2NB	CTCAGCAG	AGRGTTTGATCMTGGCTCAG	uHPill27Fbar16	GTNTTACNGCGGCKGCTG	110420JPG27F	M28T2NB	Live_vs_Dead	Susceptible	Nonbleached	T2	T2_NB	Susceptible_NB	T2_NB_S	28
M55T2NB	CTCTCCGG	AGRGTTTGATCMTGGCTCAG	uHPill27Fbar17	GTNTTACNGCGGCKGCTG	110420JPG27F	M55T2NB	Live_vs_Dead	Susceptible	Nonbleached	T2	T2_NB	Susceptible_NB	T2_NB_S	55
M73T2NB	CTTCAACA	AGRGTTTGATCMTGGCTCAG	uHPill27Fbar18	GTNTTACNGCGGCKGCTG	110420JPG27F	M73T2NB	Live_vs_Dead	Susceptible	Nonbleached	T2	T2_NB	Susceptible_NB	T2_NB_S	73
