sample_id	pma	empo_1	empo_2	empo_3	latitude	taxon_id	elevation	env_biome	longitude	description	env_feature	env_package	sample_type	env_material	geo_loc_name	dna_extracted	cheese_outcome	latitude_units	elevation_units	longitude_units	scientific_name	inoculum_species	collection_device	collection_timestamp	physical_specimen_location	physical_specimen_remaining	qiita_study_id
12366.1985	Y	free-living	Non-saline	Surface (non-saline)	38.545	870726	16	urban biome	-121.741	HTST_milk	research facility	misc environment	HTST_milk	cheese product	USA:CA:Davis	TRUE	no_slits	Decimal degrees	meters	Decimal degrees	food metagenome	not applicable	centrifuge_tube	2015-07-08	UC Davis	FALSE	12366
12366.1986	N	free-living	Non-saline	Surface (non-saline)	38.545	870726	16	urban biome	-121.741	HTST_milk	research facility	misc environment	HTST_milk	cheese product	USA:CA:Davis	TRUE	no_slits	Decimal degrees	meters	Decimal degrees	food metagenome	not applicable	centrifuge_tube	2015-07-08	UC Davis	FALSE	12366
12366.1989	Y	free-living	Non-saline	Surface (non-saline)	38.545	870726	16	urban biome	-121.741	HTST_feed	research facility	misc environment	HTST_feed	cheese product	USA:CA:Davis	TRUE	no_slits	Decimal degrees	meters	Decimal degrees	food metagenome	not applicable	centrifuge_tube	2015-07-07	UC Davis	FALSE	12366
12366.1990	N	free-living	Non-saline	Surface (non-saline)	38.545	870726	16	urban biome	-121.741	HTST_feed	research facility	misc environment	HTST_feed	cheese product	USA:CA:Davis	TRUE	no_slits	Decimal degrees	meters	Decimal degrees	food metagenome	not applicable	centrifuge_tube	2015-07-07	UC Davis	FALSE	12366
12366.1993	Y	free-living	Non-saline	Surface (non-saline)	38.545	870726	16	urban biome	-121.741	HTST_milk	research facility	misc environment	HTST_milk	cheese product	USA:CA:Davis	TRUE	no_slits	Decimal degrees	meters	Decimal degrees	food metagenome	not applicable	centrifuge_tube	2015-07-07	UC Davis	FALSE	12366
12366.1994	N	free-living	Non-saline	Surface (non-saline)	38.545	870726	16	urban biome	-121.741	HTST_milk	research facility	misc environment	HTST_milk	cheese product	USA:CA:Davis	TRUE	no_slits	Decimal degrees	meters	Decimal degrees	food metagenome	not applicable	centrifuge_tube	2015-07-07	UC Davis	FALSE	12366
12366.1997	Y	free-living	Non-saline	Surface (non-saline)	38.545	870726	16	urban biome	-121.741	HTST_milk	research facility	misc environment	HTST_milk	cheese product	USA:CA:Davis	TRUE	no_slits	Decimal degrees	meters	Decimal degrees	food metagenome	not applicable	centrifuge_tube	2015-07-07	UC Davis	FALSE	12366
12366.1998	N	free-living	Non-saline	Surface (non-saline)	38.545	870726	16	urban biome	-121.741	HTST_milk	research facility	misc environment	HTST_milk	cheese product	USA:CA:Davis	TRUE	no_slits	Decimal degrees	meters	Decimal degrees	food metagenome	not applicable	centrifuge_tube	2015-07-07	UC Davis	FALSE	12366
12366.2001	Y	free-living	Non-saline	Surface (non-saline)	38.545	870726	16	urban biome	-121.741	HTST_feed	research facility	misc environment	HTST_feed	cheese product	USA:CA:Davis	TRUE	no_slits	Decimal degrees	meters	Decimal degrees	food metagenome	not applicable	centrifuge_tube	2015-07-07	UC Davis	FALSE	12366
12366.2002	N	free-living	Non-saline	Surface (non-saline)	38.545	870726	16	urban biome	-121.741	HTST_feed	research facility	misc environment	HTST_feed	cheese product	USA:CA:Davis	TRUE	no_slits	Decimal degrees	meters	Decimal degrees	food metagenome	not applicable	centrifuge_tube	2015-07-07	UC Davis	FALSE	12366
12366.2005	Y	free-living	Non-saline	Surface (non-saline)	38.545	870726	16	urban biome	-121.741	Raw_milk	research facility	misc environment	Raw_milk	cheese product	USA:CA:Davis	TRUE	no_slits	Decimal degrees	meters	Decimal degrees	food metagenome	not applicable	centrifuge_tube	2015-07-07	UC Davis	FALSE	12366
12366.2006	N	free-living	Non-saline	Surface (non-saline)	38.545	870726	16	urban biome	-121.741	Raw_milk	research facility	misc environment	Raw_milk	cheese product	USA:CA:Davis	TRUE	no_slits	Decimal degrees	meters	Decimal degrees	food metagenome	not applicable	centrifuge_tube	2015-07-07	UC Davis	FALSE	12366
12366.2010	N	free-living	Non-saline	Surface (non-saline)	38.545	870726	16	urban biome	-121.741	Raw_milk	research facility	misc environment	Raw_milk	cheese product	USA:CA:Davis	TRUE	no_slits	Decimal degrees	meters	Decimal degrees	food metagenome	not applicable	centrifuge_tube	2015-07-07	UC Davis	FALSE	12366
12366.2013	Y	free-living	Non-saline	Surface (non-saline)	38.545	870726	16	urban biome	-121.741	HTST_milk	research facility	misc environment	HTST_milk	cheese product	USA:CA:Davis	TRUE	no_slits	Decimal degrees	meters	Decimal degrees	food metagenome	not applicable	centrifuge_tube	2015-07-07	UC Davis	FALSE	12366
12366.2014	N	free-living	Non-saline	Surface (non-saline)	38.545	870726	16	urban biome	-121.741	HTST_milk	research facility	misc environment	HTST_milk	cheese product	USA:CA:Davis	TRUE	no_slits	Decimal degrees	meters	Decimal degrees	food metagenome	not applicable	centrifuge_tube	2015-07-07	UC Davis	FALSE	12366
12366.2017	Y	free-living	Non-saline	Surface (non-saline)	38.545	870726	16	urban biome	-121.741	Raw_milk	research facility	misc environment	Raw_milk	cheese product	USA:CA:Davis	TRUE	no_slits	Decimal degrees	meters	Decimal degrees	food metagenome	not applicable	centrifuge_tube	2015-07-07	UC Davis	FALSE	12366
12366.2018	N	free-living	Non-saline	Surface (non-saline)	38.545	870726	16	urban biome	-121.741	Raw_milk	research facility	misc environment	Raw_milk	cheese product	USA:CA:Davis	TRUE	no_slits	Decimal degrees	meters	Decimal degrees	food metagenome	not applicable	centrifuge_tube	2015-07-07	UC Davis	FALSE	12366
12366.2021	Y	free-living	Non-saline	Surface (non-saline)	38.545	870726	16	urban biome	-121.741	HTST_milk	research facility	misc environment	HTST_milk	cheese product	USA:CA:Davis	TRUE	no_slits	Decimal degrees	meters	Decimal degrees	food metagenome	not applicable	centrifuge_tube	2015-07-07	UC Davis	FALSE	12366
12366.2026	N	free-living	Non-saline	Surface (non-saline)	38.545	870726	16	urban biome	-121.741	Raw_milk	research facility	misc environment	Raw_milk	cheese product	USA:CA:Davis	TRUE	no_slits	Decimal degrees	meters	Decimal degrees	food metagenome	not applicable	centrifuge_tube	2015-07-07	UC Davis	FALSE	12366
12366.2029	Y	free-living	Non-saline	Surface (non-saline)	38.545	870726	16	urban biome	-121.741	HTST_feed	research facility	misc environment	HTST_feed	cheese product	USA:CA:Davis	TRUE	no_slits	Decimal degrees	meters	Decimal degrees	food metagenome	not applicable	centrifuge_tube	2015-07-07	UC Davis	FALSE	12366
12366.2030	N	free-living	Non-saline	Surface (non-saline)	38.545	870726	16	urban biome	-121.741	HTST_feed	research facility	misc environment	HTST_feed	cheese product	USA:CA:Davis	TRUE	no_slits	Decimal degrees	meters	Decimal degrees	food metagenome	not applicable	centrifuge_tube	2015-07-07	UC Davis	FALSE	12366
12366.2033	Y	free-living	Non-saline	Surface (non-saline)	38.545	870726	16	urban biome	-121.741	HTST_milk	research facility	misc environment	HTST_milk	cheese product	USA:CA:Davis	TRUE	no_slits	Decimal degrees	meters	Decimal degrees	food metagenome	not applicable	centrifuge_tube	2015-07-07	UC Davis	FALSE	12366
12366.2034	N	free-living	Non-saline	Surface (non-saline)	38.545	870726	16	urban biome	-121.741	HTST_milk	research facility	misc environment	HTST_milk	cheese product	USA:CA:Davis	TRUE	no_slits	Decimal degrees	meters	Decimal degrees	food metagenome	not applicable	centrifuge_tube	2015-07-07	UC Davis	FALSE	12366
12366.2037	Y	free-living	Non-saline	Surface (non-saline)	38.545	870726	16	urban biome	-121.741	HTST_milk	research facility	misc environment	HTST_milk	cheese product	USA:CA:Davis	TRUE	no_slits	Decimal degrees	meters	Decimal degrees	food metagenome	not applicable	centrifuge_tube	2015-07-07	UC Davis	FALSE	12366
12366.2038	N	free-living	Non-saline	Surface (non-saline)	38.545	870726	16	urban biome	-121.741	HTST_milk	research facility	misc environment	HTST_milk	cheese product	USA:CA:Davis	TRUE	no_slits	Decimal degrees	meters	Decimal degrees	food metagenome	not applicable	centrifuge_tube	2015-07-07	UC Davis	FALSE	12366
12366.2041	Y	free-living	Non-saline	Surface (non-saline)	38.545	870726	16	urban biome	-121.741	HTST_feed	research facility	misc environment	HTST_feed	cheese product	USA:CA:Davis	TRUE	no_slits	Decimal degrees	meters	Decimal degrees	food metagenome	not applicable	centrifuge_tube	2015-07-08	UC Davis	FALSE	12366
12366.2042	N	free-living	Non-saline	Surface (non-saline)	38.545	870726	16	urban biome	-121.741	HTST_feed	research facility	misc environment	HTST_feed	cheese product	USA:CA:Davis	TRUE	no_slits	Decimal degrees	meters	Decimal degrees	food metagenome	not applicable	centrifuge_tube	2015-07-08	UC Davis	FALSE	12366
12366.2045	Y	free-living	Non-saline	Surface (non-saline)	38.545	870726	16	urban biome	-121.741	HTST_feed	research facility	misc environment	HTST_feed	cheese product	USA:CA:Davis	TRUE	no_slits	Decimal degrees	meters	Decimal degrees	food metagenome	not applicable	centrifuge_tube	2015-07-07	UC Davis	FALSE	12366
12366.2046	N	free-living	Non-saline	Surface (non-saline)	38.545	870726	16	urban biome	-121.741	HTST_feed	research facility	misc environment	HTST_feed	cheese product	USA:CA:Davis	TRUE	no_slits	Decimal degrees	meters	Decimal degrees	food metagenome	not applicable	centrifuge_tube	2015-07-07	UC Davis	FALSE	12366
12366.2049	Y	free-living	Non-saline	Surface (non-saline)	38.545	870726	16	urban biome	-121.741	HTST_feed	research facility	misc environment	HTST_feed	cheese product	USA:CA:Davis	TRUE	no_slits	Decimal degrees	meters	Decimal degrees	food metagenome	not applicable	centrifuge_tube	2015-07-07	UC Davis	FALSE	12366
12366.2050	N	free-living	Non-saline	Surface (non-saline)	38.545	870726	16	urban biome	-121.741	HTST_feed	research facility	misc environment	HTST_feed	cheese product	USA:CA:Davis	TRUE	no_slits	Decimal degrees	meters	Decimal degrees	food metagenome	not applicable	centrifuge_tube	2015-07-07	UC Davis	FALSE	12366
12366.2053	Y	free-living	Non-saline	Surface (non-saline)	38.545	870726	16	urban biome	-121.741	HTST_feed	research facility	misc environment	HTST_feed	cheese product	USA:CA:Davis	TRUE	no_slits	Decimal degrees	meters	Decimal degrees	food metagenome	not applicable	centrifuge_tube	2015-07-07	UC Davis	FALSE	12366
12366.2054	N	free-living	Non-saline	Surface (non-saline)	38.545	870726	16	urban biome	-121.741	HTST_feed	research facility	misc environment	HTST_feed	cheese product	USA:CA:Davis	TRUE	no_slits	Decimal degrees	meters	Decimal degrees	food metagenome	not applicable	centrifuge_tube	2015-07-07	UC Davis	FALSE	12366
12366.2057	Y	free-living	Non-saline	Surface (non-saline)	38.545	870726	16	urban biome	-121.741	Cheese_0D	research facility	misc environment	Cheese_0D	cheese product	USA:CA:Davis	TRUE	no_slits	Decimal degrees	meters	Decimal degrees	food metagenome	not applicable	centrifuge_tube	2015-07-07	UC Davis	FALSE	12366
12366.2058	N	free-living	Non-saline	Surface (non-saline)	38.545	870726	16	urban biome	-121.741	Cheese_0D	research facility	misc environment	Cheese_0D	cheese product	USA:CA:Davis	TRUE	no_slits	Decimal degrees	meters	Decimal degrees	food metagenome	not applicable	centrifuge_tube	2015-07-07	UC Davis	FALSE	12366
12366.2061	Y	free-living	Non-saline	Surface (non-saline)	38.545	870726	16	urban biome	-121.741	HTST_feed	research facility	misc environment	HTST_feed	cheese product	USA:CA:Davis	TRUE	slits	Decimal degrees	meters	Decimal degrees	food metagenome	not applicable	centrifuge_tube	2015-07-15	UC Davis	FALSE	12366
12366.2062	N	free-living	Non-saline	Surface (non-saline)	38.545	870726	16	urban biome	-121.741	HTST_feed	research facility	misc environment	HTST_feed	cheese product	USA:CA:Davis	TRUE	slits	Decimal degrees	meters	Decimal degrees	food metagenome	not applicable	centrifuge_tube	2015-07-15	UC Davis	FALSE	12366
12366.2065	Y	free-living	Non-saline	Surface (non-saline)	38.545	870726	16	urban biome	-121.741	HTST_milk	research facility	misc environment	HTST_milk	cheese product	USA:CA:Davis	TRUE	slits	Decimal degrees	meters	Decimal degrees	food metagenome	not applicable	centrifuge_tube	2015-07-16	UC Davis	FALSE	12366
12366.2066	N	free-living	Non-saline	Surface (non-saline)	38.545	870726	16	urban biome	-121.741	HTST_milk	research facility	misc environment	HTST_milk	cheese product	USA:CA:Davis	TRUE	slits	Decimal degrees	meters	Decimal degrees	food metagenome	not applicable	centrifuge_tube	2015-07-16	UC Davis	FALSE	12366
12366.2069	Y	free-living	Non-saline	Surface (non-saline)	38.545	870726	16	urban biome	-121.741	HTST_feed	research facility	misc environment	HTST_feed	cheese product	USA:CA:Davis	TRUE	slits	Decimal degrees	meters	Decimal degrees	food metagenome	not applicable	centrifuge_tube	2015-07-15	UC Davis	FALSE	12366
12366.2074	N	free-living	Non-saline	Surface (non-saline)	38.545	870726	16	urban biome	-121.741	HTST_milk	research facility	misc environment	HTST_milk	cheese product	USA:CA:Davis	TRUE	slits	Decimal degrees	meters	Decimal degrees	food metagenome	not applicable	centrifuge_tube	2015-07-15	UC Davis	FALSE	12366
12366.2077	Y	free-living	Non-saline	Surface (non-saline)	38.545	870726	16	urban biome	-121.741	HTST_feed	research facility	misc environment	HTST_feed	cheese product	USA:CA:Davis	TRUE	slits	Decimal degrees	meters	Decimal degrees	food metagenome	not applicable	centrifuge_tube	2015-07-15	UC Davis	FALSE	12366
12366.2078	N	free-living	Non-saline	Surface (non-saline)	38.545	870726	16	urban biome	-121.741	HTST_feed	research facility	misc environment	HTST_feed	cheese product	USA:CA:Davis	TRUE	slits	Decimal degrees	meters	Decimal degrees	food metagenome	not applicable	centrifuge_tube	2015-07-15	UC Davis	FALSE	12366
12366.2081	Y	free-living	Non-saline	Surface (non-saline)	38.545	870726	16	urban biome	-121.741	HTST_milk	research facility	misc environment	HTST_milk	cheese product	USA:CA:Davis	TRUE	slits	Decimal degrees	meters	Decimal degrees	food metagenome	not applicable	centrifuge_tube	2015-07-15	UC Davis	FALSE	12366
12366.2082	N	free-living	Non-saline	Surface (non-saline)	38.545	870726	16	urban biome	-121.741	HTST_milk	research facility	misc environment	HTST_milk	cheese product	USA:CA:Davis	TRUE	slits	Decimal degrees	meters	Decimal degrees	food metagenome	not applicable	centrifuge_tube	2015-07-15	UC Davis	FALSE	12366
12366.2085	Y	free-living	Non-saline	Surface (non-saline)	38.545	870726	16	urban biome	-121.741	HTST_milk	research facility	misc environment	HTST_milk	cheese product	USA:CA:Davis	TRUE	slits	Decimal degrees	meters	Decimal degrees	food metagenome	not applicable	centrifuge_tube	2015-07-15	UC Davis	FALSE	12366
12366.2086	N	free-living	Non-saline	Surface (non-saline)	38.545	870726	16	urban biome	-121.741	HTST_milk	research facility	misc environment	HTST_milk	cheese product	USA:CA:Davis	TRUE	slits	Decimal degrees	meters	Decimal degrees	food metagenome	not applicable	centrifuge_tube	2015-07-15	UC Davis	FALSE	12366
12366.2090	N	free-living	Non-saline	Surface (non-saline)	38.545	870726	16	urban biome	-121.741	HTST_milk	research facility	misc environment	HTST_milk	cheese product	USA:CA:Davis	TRUE	slits	Decimal degrees	meters	Decimal degrees	food metagenome	not applicable	centrifuge_tube	2015-07-15	UC Davis	FALSE	12366
12366.2093	Y	free-living	Non-saline	Surface (non-saline)	38.545	870726	16	urban biome	-121.741	HTST_feed	research facility	misc environment	HTST_feed	cheese product	USA:CA:Davis	TRUE	slits	Decimal degrees	meters	Decimal degrees	food metagenome	not applicable	centrifuge_tube	2015-07-15	UC Davis	FALSE	12366
12366.2094	N	free-living	Non-saline	Surface (non-saline)	38.545	870726	16	urban biome	-121.741	HTST_feed	research facility	misc environment	HTST_feed	cheese product	USA:CA:Davis	TRUE	slits	Decimal degrees	meters	Decimal degrees	food metagenome	not applicable	centrifuge_tube	2015-07-15	UC Davis	FALSE	12366
12366.2097	Y	free-living	Non-saline	Surface (non-saline)	38.545	870726	16	urban biome	-121.741	HTST_milk	research facility	misc environment	HTST_milk	cheese product	USA:CA:Davis	TRUE	slits	Decimal degrees	meters	Decimal degrees	food metagenome	not applicable	centrifuge_tube	2015-07-15	UC Davis	FALSE	12366
12366.2098	N	free-living	Non-saline	Surface (non-saline)	38.545	870726	16	urban biome	-121.741	HTST_milk	research facility	misc environment	HTST_milk	cheese product	USA:CA:Davis	TRUE	slits	Decimal degrees	meters	Decimal degrees	food metagenome	not applicable	centrifuge_tube	2015-07-15	UC Davis	FALSE	12366
12366.2101	Y	free-living	Non-saline	Surface (non-saline)	38.545	870726	16	urban biome	-121.741	Raw_milk	research facility	misc environment	Raw_milk	cheese product	USA:CA:Davis	TRUE	slits	Decimal degrees	meters	Decimal degrees	food metagenome	not applicable	centrifuge_tube	2015-07-15	UC Davis	FALSE	12366
12366.2102	N	free-living	Non-saline	Surface (non-saline)	38.545	870726	16	urban biome	-121.741	Raw_milk	research facility	misc environment	Raw_milk	cheese product	USA:CA:Davis	TRUE	slits	Decimal degrees	meters	Decimal degrees	food metagenome	not applicable	centrifuge_tube	2015-07-15	UC Davis	FALSE	12366
12366.2105	Y	free-living	Non-saline	Surface (non-saline)	38.545	870726	16	urban biome	-121.741	Raw_milk	research facility	misc environment	Raw_milk	cheese product	USA:CA:Davis	TRUE	slits	Decimal degrees	meters	Decimal degrees	food metagenome	not applicable	centrifuge_tube	2015-07-15	UC Davis	FALSE	12366
12366.2108	N	free-living	Non-saline	Surface (non-saline)	38.545	870726	16	urban biome	-121.741	Raw_milk	research facility	misc environment	Raw_milk	cheese product	USA:CA:Davis	TRUE	slits	Decimal degrees	meters	Decimal degrees	food metagenome	not applicable	centrifuge_tube	2015-07-15	UC Davis	FALSE	12366
12366.2109	Y	free-living	Non-saline	Surface (non-saline)	38.545	870726	16	urban biome	-121.741	HTST_milk	research facility	misc environment	HTST_milk	cheese product	USA:CA:Davis	TRUE	slits	Decimal degrees	meters	Decimal degrees	food metagenome	not applicable	centrifuge_tube	2015-07-15	UC Davis	FALSE	12366
12366.2110	N	free-living	Non-saline	Surface (non-saline)	38.545	870726	16	urban biome	-121.741	HTST_milk	research facility	misc environment	HTST_milk	cheese product	USA:CA:Davis	TRUE	slits	Decimal degrees	meters	Decimal degrees	food metagenome	not applicable	centrifuge_tube	2015-07-15	UC Davis	FALSE	12366
12366.2113	Y	free-living	Non-saline	Surface (non-saline)	38.545	870726	16	urban biome	-121.741	HTST_feed	research facility	misc environment	HTST_feed	cheese product	USA:CA:Davis	TRUE	slits	Decimal degrees	meters	Decimal degrees	food metagenome	not applicable	centrifuge_tube	2015-07-16	UC Davis	FALSE	12366
12366.2114	N	free-living	Non-saline	Surface (non-saline)	38.545	870726	16	urban biome	-121.741	HTST_feed	research facility	misc environment	HTST_feed	cheese product	USA:CA:Davis	TRUE	slits	Decimal degrees	meters	Decimal degrees	food metagenome	not applicable	centrifuge_tube	2015-07-16	UC Davis	FALSE	12366
12366.2117	Y	free-living	Non-saline	Surface (non-saline)	38.545	870726	16	urban biome	-121.741	Raw_milk	research facility	misc environment	Raw_milk	cheese product	USA:CA:Davis	TRUE	slits	Decimal degrees	meters	Decimal degrees	food metagenome	not applicable	centrifuge_tube	2015-07-15	UC Davis	FALSE	12366
12366.2121	Y	free-living	Non-saline	Surface (non-saline)	38.545	870726	16	urban biome	-121.741	Raw_milk	research facility	misc environment	Raw_milk	cheese product	USA:CA:Davis	TRUE	slits	Decimal degrees	meters	Decimal degrees	food metagenome	not applicable	centrifuge_tube	2015-07-15	UC Davis	FALSE	12366
12366.2122	N	free-living	Non-saline	Surface (non-saline)	38.545	870726	16	urban biome	-121.741	Raw_milk	research facility	misc environment	Raw_milk	cheese product	USA:CA:Davis	TRUE	slits	Decimal degrees	meters	Decimal degrees	food metagenome	not applicable	centrifuge_tube	2015-07-15	UC Davis	FALSE	12366
12366.2125	Y	free-living	Non-saline	Surface (non-saline)	38.545	870726	16	urban biome	-121.741	HTST_feed	research facility	misc environment	HTST_feed	cheese product	USA:CA:Davis	TRUE	slits	Decimal degrees	meters	Decimal degrees	food metagenome	not applicable	centrifuge_tube	2015-07-15	UC Davis	FALSE	12366
12366.2126	N	free-living	Non-saline	Surface (non-saline)	38.545	870726	16	urban biome	-121.741	HTST_feed	research facility	misc environment	HTST_feed	cheese product	USA:CA:Davis	TRUE	slits	Decimal degrees	meters	Decimal degrees	food metagenome	not applicable	centrifuge_tube	2015-07-15	UC Davis	FALSE	12366
12366.2129	Y	free-living	Non-saline	Surface (non-saline)	38.545	870726	16	urban biome	-121.741	HTST_feed	research facility	misc environment	HTST_feed	cheese product	USA:CA:Davis	TRUE	slits	Decimal degrees	meters	Decimal degrees	food metagenome	not applicable	centrifuge_tube	2015-07-15	UC Davis	FALSE	12366
12366.2130	N	free-living	Non-saline	Surface (non-saline)	38.545	870726	16	urban biome	-121.741	HTST_feed	research facility	misc environment	HTST_feed	cheese product	USA:CA:Davis	TRUE	slits	Decimal degrees	meters	Decimal degrees	food metagenome	not applicable	centrifuge_tube	2015-07-15	UC Davis	FALSE	12366
12366.2133	Y	free-living	Non-saline	Surface (non-saline)	38.545	870726	16	urban biome	-121.741	Cheese_0D	research facility	misc environment	Cheese_0D	cheese product	USA:CA:Davis	TRUE	slits	Decimal degrees	meters	Decimal degrees	food metagenome	not applicable	centrifuge_tube	2015-07-15	UC Davis	FALSE	12366
12366.2134	N	free-living	Non-saline	Surface (non-saline)	38.545	870726	16	urban biome	-121.741	Cheese_0D	research facility	misc environment	Cheese_0D	cheese product	USA:CA:Davis	TRUE	slits	Decimal degrees	meters	Decimal degrees	food metagenome	not applicable	centrifuge_tube	2015-07-15	UC Davis	FALSE	12366
12366.2137	Y	free-living	Non-saline	Surface (non-saline)	38.545	870726	16	urban biome	-121.741	Cheese_0D	research facility	misc environment	Cheese_0D	cheese product	USA:CA:Davis	TRUE	slits	Decimal degrees	meters	Decimal degrees	food metagenome	not applicable	centrifuge_tube	2015-07-15	UC Davis	FALSE	12366
12366.2138	N	free-living	Non-saline	Surface (non-saline)	38.545	870726	16	urban biome	-121.741	Cheese_0D	research facility	misc environment	Cheese_0D	cheese product	USA:CA:Davis	TRUE	slits	Decimal degrees	meters	Decimal degrees	food metagenome	not applicable	centrifuge_tube	2015-07-15	UC Davis	FALSE	12366
12366.2141	Y	free-living	Non-saline	Surface (non-saline)	38.545	870726	16	urban biome	-121.741	HTST_milk	research facility	misc environment	HTST_milk	cheese product	USA:CA:Davis	TRUE	no_slits	Decimal degrees	meters	Decimal degrees	food metagenome	not applicable	centrifuge_tube	2015-07-20	UC Davis	FALSE	12366
12366.2142	N	free-living	Non-saline	Surface (non-saline)	38.545	870726	16	urban biome	-121.741	HTST_milk	research facility	misc environment	HTST_milk	cheese product	USA:CA:Davis	TRUE	no_slits	Decimal degrees	meters	Decimal degrees	food metagenome	not applicable	centrifuge_tube	2015-07-20	UC Davis	FALSE	12366
12366.2145	Y	free-living	Non-saline	Surface (non-saline)	38.545	870726	16	urban biome	-121.741	HTST_milk	research facility	misc environment	HTST_milk	cheese product	USA:CA:Davis	TRUE	no_slits	Decimal degrees	meters	Decimal degrees	food metagenome	not applicable	centrifuge_tube	2015-07-20	UC Davis	FALSE	12366
12366.2146	N	free-living	Non-saline	Surface (non-saline)	38.545	870726	16	urban biome	-121.741	HTST_milk	research facility	misc environment	HTST_milk	cheese product	USA:CA:Davis	TRUE	no_slits	Decimal degrees	meters	Decimal degrees	food metagenome	not applicable	centrifuge_tube	2015-07-20	UC Davis	FALSE	12366
12366.2149	Y	free-living	Non-saline	Surface (non-saline)	38.545	870726	16	urban biome	-121.741	HTST_feed	research facility	misc environment	HTST_feed	cheese product	USA:CA:Davis	TRUE	no_slits	Decimal degrees	meters	Decimal degrees	food metagenome	not applicable	centrifuge_tube	2015-07-20	UC Davis	FALSE	12366
12366.2150	N	free-living	Non-saline	Surface (non-saline)	38.545	870726	16	urban biome	-121.741	HTST_feed	research facility	misc environment	HTST_feed	cheese product	USA:CA:Davis	TRUE	no_slits	Decimal degrees	meters	Decimal degrees	food metagenome	not applicable	centrifuge_tube	2015-07-20	UC Davis	FALSE	12366
12366.2153	Y	free-living	Non-saline	Surface (non-saline)	38.545	870726	16	urban biome	-121.741	HTST_feed	research facility	misc environment	HTST_feed	cheese product	USA:CA:Davis	TRUE	no_slits	Decimal degrees	meters	Decimal degrees	food metagenome	not applicable	centrifuge_tube	2015-07-20	UC Davis	FALSE	12366
12366.2154	N	free-living	Non-saline	Surface (non-saline)	38.545	870726	16	urban biome	-121.741	HTST_feed	research facility	misc environment	HTST_feed	cheese product	USA:CA:Davis	TRUE	no_slits	Decimal degrees	meters	Decimal degrees	food metagenome	not applicable	centrifuge_tube	2015-07-20	UC Davis	FALSE	12366
12366.2157	Y	free-living	Non-saline	Surface (non-saline)	38.545	870726	16	urban biome	-121.741	HTST_milk	research facility	misc environment	HTST_milk	cheese product	USA:CA:Davis	TRUE	no_slits	Decimal degrees	meters	Decimal degrees	food metagenome	not applicable	centrifuge_tube	2015-07-20	UC Davis	FALSE	12366
12366.2158	N	free-living	Non-saline	Surface (non-saline)	38.545	870726	16	urban biome	-121.741	HTST_milk	research facility	misc environment	HTST_milk	cheese product	USA:CA:Davis	TRUE	no_slits	Decimal degrees	meters	Decimal degrees	food metagenome	not applicable	centrifuge_tube	2015-07-20	UC Davis	FALSE	12366
12366.2161	Y	free-living	Non-saline	Surface (non-saline)	38.545	870726	16	urban biome	-121.741	HTST_milk	research facility	misc environment	HTST_milk	cheese product	USA:CA:Davis	TRUE	no_slits	Decimal degrees	meters	Decimal degrees	food metagenome	not applicable	centrifuge_tube	2015-07-20	UC Davis	FALSE	12366
12366.2162	N	free-living	Non-saline	Surface (non-saline)	38.545	870726	16	urban biome	-121.741	HTST_milk	research facility	misc environment	HTST_milk	cheese product	USA:CA:Davis	TRUE	no_slits	Decimal degrees	meters	Decimal degrees	food metagenome	not applicable	centrifuge_tube	2015-07-20	UC Davis	FALSE	12366
12366.2165	Y	free-living	Non-saline	Surface (non-saline)	38.545	870726	16	urban biome	-121.741	HTST_feed	research facility	misc environment	HTST_feed	cheese product	USA:CA:Davis	TRUE	no_slits	Decimal degrees	meters	Decimal degrees	food metagenome	not applicable	centrifuge_tube	2015-07-20	UC Davis	FALSE	12366
12366.2166	N	free-living	Non-saline	Surface (non-saline)	38.545	870726	16	urban biome	-121.741	HTST_feed	research facility	misc environment	HTST_feed	cheese product	USA:CA:Davis	TRUE	no_slits	Decimal degrees	meters	Decimal degrees	food metagenome	not applicable	centrifuge_tube	2015-07-20	UC Davis	FALSE	12366
12366.2169	Y	free-living	Non-saline	Surface (non-saline)	38.545	870726	16	urban biome	-121.741	HTST_feed	research facility	misc environment	HTST_feed	cheese product	USA:CA:Davis	TRUE	no_slits	Decimal degrees	meters	Decimal degrees	food metagenome	not applicable	centrifuge_tube	2015-07-20	UC Davis	FALSE	12366
12366.2170	N	free-living	Non-saline	Surface (non-saline)	38.545	870726	16	urban biome	-121.741	HTST_feed	research facility	misc environment	HTST_feed	cheese product	USA:CA:Davis	TRUE	no_slits	Decimal degrees	meters	Decimal degrees	food metagenome	not applicable	centrifuge_tube	2015-07-20	UC Davis	FALSE	12366
12366.2173	Y	free-living	Non-saline	Surface (non-saline)	38.545	870726	16	urban biome	-121.741	HTST_feed	research facility	misc environment	HTST_feed	cheese product	USA:CA:Davis	TRUE	no_slits	Decimal degrees	meters	Decimal degrees	food metagenome	not applicable	centrifuge_tube	2015-07-20	UC Davis	FALSE	12366
12366.2174	N	free-living	Non-saline	Surface (non-saline)	38.545	870726	16	urban biome	-121.741	HTST_feed	research facility	misc environment	HTST_feed	cheese product	USA:CA:Davis	TRUE	no_slits	Decimal degrees	meters	Decimal degrees	food metagenome	not applicable	centrifuge_tube	2015-07-20	UC Davis	FALSE	12366
12366.2177	Y	free-living	Non-saline	Surface (non-saline)	38.545	870726	16	urban biome	-121.741	Raw_milk	research facility	misc environment	Raw_milk	cheese product	USA:CA:Davis	TRUE	no_slits	Decimal degrees	meters	Decimal degrees	food metagenome	not applicable	centrifuge_tube	2015-07-20	UC Davis	FALSE	12366
12366.2178	N	free-living	Non-saline	Surface (non-saline)	38.545	870726	16	urban biome	-121.741	Raw_milk	research facility	misc environment	Raw_milk	cheese product	USA:CA:Davis	TRUE	no_slits	Decimal degrees	meters	Decimal degrees	food metagenome	not applicable	centrifuge_tube	2015-07-20	UC Davis	FALSE	12366
12366.2181	Y	free-living	Non-saline	Surface (non-saline)	38.545	870726	16	urban biome	-121.741	Raw_milk	research facility	misc environment	Raw_milk	cheese product	USA:CA:Davis	TRUE	no_slits	Decimal degrees	meters	Decimal degrees	food metagenome	not applicable	centrifuge_tube	2015-07-20	UC Davis	FALSE	12366
12366.2182	N	free-living	Non-saline	Surface (non-saline)	38.545	870726	16	urban biome	-121.741	Raw_milk	research facility	misc environment	Raw_milk	cheese product	USA:CA:Davis	TRUE	no_slits	Decimal degrees	meters	Decimal degrees	food metagenome	not applicable	centrifuge_tube	2015-07-20	UC Davis	FALSE	12366
12366.2185	Y	free-living	Non-saline	Surface (non-saline)	38.545	870726	16	urban biome	-121.741	HTST_milk	research facility	misc environment	HTST_milk	cheese product	USA:CA:Davis	TRUE	no_slits	Decimal degrees	meters	Decimal degrees	food metagenome	not applicable	centrifuge_tube	2015-07-20	UC Davis	FALSE	12366
12366.2186	N	free-living	Non-saline	Surface (non-saline)	38.545	870726	16	urban biome	-121.741	HTST_milk	research facility	misc environment	HTST_milk	cheese product	USA:CA:Davis	TRUE	no_slits	Decimal degrees	meters	Decimal degrees	food metagenome	not applicable	centrifuge_tube	2015-07-20	UC Davis	FALSE	12366
12366.2189	Y	free-living	Non-saline	Surface (non-saline)	38.545	870726	16	urban biome	-121.741	Raw_milk	research facility	misc environment	Raw_milk	cheese product	USA:CA:Davis	TRUE	no_slits	Decimal degrees	meters	Decimal degrees	food metagenome	not applicable	centrifuge_tube	2015-07-20	UC Davis	FALSE	12366
12366.2190	N	free-living	Non-saline	Surface (non-saline)	38.545	870726	16	urban biome	-121.741	Raw_milk	research facility	misc environment	Raw_milk	cheese product	USA:CA:Davis	TRUE	no_slits	Decimal degrees	meters	Decimal degrees	food metagenome	not applicable	centrifuge_tube	2015-07-20	UC Davis	FALSE	12366
12366.2193	Y	free-living	Non-saline	Surface (non-saline)	38.545	870726	16	urban biome	-121.741	HTST_feed	research facility	misc environment	HTST_feed	cheese product	USA:CA:Davis	TRUE	no_slits	Decimal degrees	meters	Decimal degrees	food metagenome	not applicable	centrifuge_tube	2015-07-21	UC Davis	FALSE	12366
12366.2194	N	free-living	Non-saline	Surface (non-saline)	38.545	870726	16	urban biome	-121.741	HTST_feed	research facility	misc environment	HTST_feed	cheese product	USA:CA:Davis	TRUE	no_slits	Decimal degrees	meters	Decimal degrees	food metagenome	not applicable	centrifuge_tube	2015-07-21	UC Davis	FALSE	12366
12366.2197	Y	free-living	Non-saline	Surface (non-saline)	38.545	870726	16	urban biome	-121.741	HTST_feed	research facility	misc environment	HTST_feed	cheese product	USA:CA:Davis	TRUE	no_slits	Decimal degrees	meters	Decimal degrees	food metagenome	not applicable	centrifuge_tube	2015-07-20	UC Davis	FALSE	12366
12366.2198	N	free-living	Non-saline	Surface (non-saline)	38.545	870726	16	urban biome	-121.741	HTST_feed	research facility	misc environment	HTST_feed	cheese product	USA:CA:Davis	TRUE	no_slits	Decimal degrees	meters	Decimal degrees	food metagenome	not applicable	centrifuge_tube	2015-07-20	UC Davis	FALSE	12366
12366.2201	Y	free-living	Non-saline	Surface (non-saline)	38.545	870726	16	urban biome	-121.741	Raw_milk	research facility	misc environment	Raw_milk	cheese product	USA:CA:Davis	TRUE	no_slits	Decimal degrees	meters	Decimal degrees	food metagenome	not applicable	centrifuge_tube	2015-07-20	UC Davis	FALSE	12366
12366.2202	N	free-living	Non-saline	Surface (non-saline)	38.545	870726	16	urban biome	-121.741	Raw_milk	research facility	misc environment	Raw_milk	cheese product	USA:CA:Davis	TRUE	no_slits	Decimal degrees	meters	Decimal degrees	food metagenome	not applicable	centrifuge_tube	2015-07-20	UC Davis	FALSE	12366
12366.2205	Y	free-living	Non-saline	Surface (non-saline)	38.545	870726	16	urban biome	-121.741	HTST_milk	research facility	misc environment	HTST_milk	cheese product	USA:CA:Davis	TRUE	no_slits	Decimal degrees	meters	Decimal degrees	food metagenome	not applicable	centrifuge_tube	2015-07-21	UC Davis	FALSE	12366
12366.2206	N	free-living	Non-saline	Surface (non-saline)	38.545	870726	16	urban biome	-121.741	HTST_milk	research facility	misc environment	HTST_milk	cheese product	USA:CA:Davis	TRUE	no_slits	Decimal degrees	meters	Decimal degrees	food metagenome	not applicable	centrifuge_tube	2015-07-21	UC Davis	FALSE	12366
